Block Size,Wall Time,Speed
1024,0.930865,2887.806721
2048,0.530435,5067.837158
4096,0.371163,7242.527416
8192,0.264056,10180.257987
16384,0.216155,12436.252703
32768,0.182797,14705.701971
65536,0.175577,15310.423365
131072,0.170669,15750.711630
262144,0.169305,15877.606705
524288,0.168396,15963.313874