Block Size,Wall Time,Speed
1024,0.922871,7431.362901
2048,0.528418,12978.720089
4096,0.363792,18851.951973
8192,0.262379,26138.484071
16384,0.217495,31532.629771
32768,0.187892,36500.698869
65536,0.181819,37719.871476
131072,0.174651,39267.964752
262144,0.172290,39806.078774
524288,0.170932,40122.325322